{
    "metadataAttributes": {
        "title": "週刊AWS – 2024/9/16週",
        "date": "2024-09-16",
        "url": "https://aws.amazon.com/jp/blogs/news/aws-weekly-20240916/",
        "topics": ["AWSサービスの新機能", "技術アップデート", "事例紹介"],
        "summary": "この週のAWSのアップデートでは、最新サービスのリリース情報、ユーザー事例、技術的な改善点に焦点を当て、より効率的なクラウド運用方法について解説しています。"
    }
} 