{
    "metadataAttributes": {
        "title": "週刊AWS – 2024/9/30週",
        "date": "2024-09-30",
        "url": "https://aws.amazon.com/jp/blogs/news/aws-weekly-20240930/",
        "topics": ["インフラストラクチャの最適化", "コスト削減", "ユーザーストーリー"],
        "summary": "AWSのインフラ最適化に関する特集で、コスト削減や効率化の実践例、AWSユーザーが利用する主要機能の効果的な使い方について詳述されています。"
    }
} 